topology,recomb_p,attack_rate,n_taxa,r_core_tree,r_wrap_tree,disc_index,r_core_wrap,coph_core_wrap,np_disc,true_mosaic
chain,0.0,0.20833333333333334,14.35,0.6003252101033805,0.636800893508932,-0.036475683405551435,0.4160789975707664,0.325522836349724,0.011728395061728396,0.0
chain,0.3,0.19166666666666668,9.2,0.4206028384317342,0.4240597665391315,-0.0034569281073973173,0.33270419010035857,0.28087057065192456,0.2784375,0.07554047259929614
chain,0.6,0.225,14.3,0.4820266982405401,0.40397417197508007,0.07805252626546001,0.28763865095324603,0.2576713179177589,0.5376723602484472,0.226336815579662
chain,1.0,0.22083333333333335,15.35,0.5101657694915555,0.3453917801743423,0.1647739893172132,0.28264104956852654,0.2880109115368565,0.8055555555555556,0.3774086634208023
complete,0.0,1.0,70.8,0.6123606055636398,0.6338196635762396,-0.021459058012599792,0.43223373915779273,0.4131249153543915,0.2707427043860079,0.0
complete,0.3,1.0,69.2,0.6058408992688493,0.5136779141754143,0.09216298509343498,0.33466096035984516,0.28978924220935354,0.3645997277107552,0.13523575422071663
complete,0.6,1.0,77.25,0.6046595243739545,0.3307996741464588,0.27385985022749576,0.24354613290380955,0.21918637224763393,0.5690705583411997,0.3941457680250784
complete,1.0,0.9958333333333333,70.9,0.598002151417399,0.19715701607762182,0.4008451353397772,0.1856433982808725,0.16062183327602073,0.7700728005321935,0.6309555145484427
star,0.0,0.5041666666666667,108.2,0.45991190890435024,0.49772053648909914,-0.03780862758474889,0.18206698143322417,0.11412619450807981,0.36951148179817767,0.0
star,0.3,0.5083333333333333,77.7,0.4388844207181691,0.48671592004605685,-0.047831499327887814,0.2768140269624189,0.2172352336831931,0.40640535965694247,0.14090469279148524
star,0.6,0.45,66.8,0.4215727144790283,0.39254532109147183,0.029027393387556444,0.2523536368644073,0.21152567802883163,0.4925417606066817,0.24052761888499957
star,1.0,0.4333333333333333,71.05,0.38428635044604864,0.3638187941665223,0.02046755627952637,0.20877123186232524,0.15246944727083137,0.5938943623426383,0.3721515505089312
