topology,recomb_p,seed,attack_rate,n_taxa,r_core_tree,p_core_tree,r_wrap_tree,p_wrap_tree,disc_index,r_core_wrap,coph_core_wrap,np_disc,np_informative,true_mosaic,neg_r_core_wrap,neg_coph_core_wrap
star,0.0,0,1.0,274,0.5412670978720325,0.005,0.4647755427850005,0.005,0.07649155508703204,0.03363518747030318,0.044481874975208384,0.2857142857142857,35.0,0.0,-0.03363518747030318,-0.044481874975208384
star,0.0,1,0.16666666666666666,8,,,,,,0.017572397803078243,-0.20059950869442364,,0.0,,-0.017572397803078243,0.20059950869442364
star,0.0,2,0.25,19,0.5630124148207261,0.005,0.4233794081113052,0.01,0.13963300670942086,0.06692352359221154,-0.10397239271929064,0.0,11.0,0.0,-0.06692352359221154,0.10397239271929064
star,0.0,3,0.9166666666666666,197,0.6052944335965251,0.005,0.3228849669835982,0.005,0.28240946661292693,0.24651697944908896,0.24468937856435896,0.5348837209302325,43.0,0.0,-0.24651697944908896,-0.24468937856435896
star,0.0,4,0.16666666666666666,5,,,,,,,,,,,,
star,0.0,5,0.08333333333333333,1,,,,,,,,,,,,
star,0.0,6,0.08333333333333333,4,,,,,,,,,,,,
star,0.0,7,0.08333333333333333,3,,,,,,,,,,,,
star,0.0,8,0.08333333333333333,2,,,,,,,,,,,,
star,0.0,9,0.16666666666666666,24,0.31958450623022994,0.005,0.5965477265699323,0.005,-0.27696322033970233,0.3513721715267867,0.1298979703336904,,0.0,0.0,-0.3513721715267867,-0.1298979703336904
star,0.0,10,1.0,322,0.36787513381023984,0.005,0.5027710291246213,0.005,-0.1348958953143815,0.13957673116489364,0.21016849852561198,0.40625,32.0,0.0,-0.13957673116489364,-0.21016849852561198
star,0.0,11,0.75,112,0.5665773754680427,0.005,0.5118915357499942,0.005,0.05468583971804841,0.23386749150776964,0.20168902507369285,0.125,8.0,0.0,-0.23386749150776964,-0.20168902507369285
star,0.0,12,0.5833333333333334,74,0.6839064348490762,0.005,0.640230678290687,0.005,0.04367575655838918,0.43819289962846975,0.4011466220876063,0.0,25.0,0.0,-0.43819289962846975,-0.4011466220876063
star,0.0,13,1.0,317,0.2658898416681965,0.025,0.3612001173735093,0.005,-0.09531027570531281,0.14519301662944667,0.1281458840795198,0.8775510204081632,49.0,0.0,-0.14519301662944667,-0.1281458840795198
star,0.0,14,0.08333333333333333,2,,,,,,,,,,,,
star,0.0,15,0.8333333333333334,196,0.36933255509284885,0.005,0.4831254499253975,0.005,-0.11379289483254867,0.21901743935411522,0.12801582122808255,0.5625,32.0,0.0,-0.21901743935411522,-0.12801582122808255
star,0.0,16,0.9166666666666666,180,0.3159565607157843,0.01,0.5869728892830341,0.005,-0.27101632856724983,0.12216935716156951,0.17315790531028172,0.2727272727272727,44.0,0.0,-0.12216935716156951,-0.17315790531028172
star,0.0,17,0.08333333333333333,5,,,,,,,,,,,,
star,0.0,18,1.0,315,0.3731690500074773,0.005,0.5029646424741726,0.005,-0.1297955924666953,0.11334836149479101,0.019541045382265178,1.0,39.0,0.0,-0.11334836149479101,-0.019541045382265178
star,0.0,19,0.8333333333333334,104,0.5470775027210237,0.005,0.5759024511979374,0.005,-0.028824948476913637,0.23948520184939015,0.10727840445843381,0.0,37.0,0.0,-0.23948520184939015,-0.10727840445843381
star,0.3,0,1.0,158,0.4496663159475308,0.005,0.4476893165477359,0.005,0.0019769993997948987,0.35989377697557823,0.4126075485012604,0.08333333333333333,36.0,0.0,-0.35989377697557823,-0.4126075485012604
star,0.3,1,0.6666666666666666,150,0.5795331808084031,0.005,0.3529261544981876,0.005,0.2266070263102155,0.3660967615372554,0.32520106681812333,0.2962962962962963,27.0,0.6,-0.3660967615372554,-0.32520106681812333
star,0.3,2,0.8333333333333334,105,0.734757705685704,0.005,0.3274711483207949,0.005,0.4072865573649091,0.33795729588935886,0.3444892332574379,0.1702127659574468,47.0,0.13333333333333333,-0.33795729588935886,-0.3444892332574379
star,0.3,3,1.0,255,0.4468784915294905,0.005,0.4971628617067709,0.005,-0.05028437017728038,0.12735890076522255,0.11433447412845973,0.9130434782608695,23.0,0.16666666666666666,-0.12735890076522255,-0.11433447412845973
star,0.3,4,0.5,53,0.3842391850343836,0.005,0.3415033392694718,0.005,0.042735845764911795,0.20672618901121304,-0.0005536788049789196,1.0,11.0,0.41509433962264153,-0.20672618901121304,0.0005536788049789196
star,0.3,5,0.08333333333333333,1,,,,,,,,,,,,
star,0.3,6,0.08333333333333333,4,,,,,,,,,,,,
star,0.3,7,0.08333333333333333,3,,,,,,,,,,,,
star,0.3,8,0.08333333333333333,2,,,,,,,,,,,,
star,0.3,9,0.16666666666666666,24,0.31958450623022994,0.005,0.5965477265699323,0.005,-0.27696322033970233,0.3513721715267867,0.1298979703336904,,0.0,0.0,-0.3513721715267867,-0.1298979703336904
star,0.3,10,0.16666666666666666,10,,,,,,0.401272486435214,0.5650989814700575,,0.0,,-0.401272486435214,-0.5650989814700575
star,0.3,11,0.8333333333333334,155,0.5617323075705712,0.005,0.4888915650226035,0.005,0.07284074254796774,0.1754304463804843,0.11187676401914036,0.3055555555555556,36.0,0.25,-0.1754304463804843,-0.11187676401914036
star,0.3,12,0.75,50,0.4582794132391228,0.005,0.5724001140427465,0.005,-0.11412070080362369,0.4001841952819914,0.2992425207740796,,0.0,0.0,-0.4001841952819914,-0.2992425207740796
star,0.3,13,0.8333333333333334,150,0.3540394876851497,0.01,0.4165485116272317,0.005,-0.06250902394208202,0.16012692802639966,0.1361000901232399,0.30952380952380953,42.0,0.016666666666666666,-0.16012692802639966,-0.1361000901232399
star,0.3,14,0.08333333333333333,2,,,,,,,,,,,,
star,0.3,15,1.0,163,0.3762093783788589,0.005,0.5467861538844484,0.005,-0.17057677550558947,0.290376974923275,0.28932413515598887,0.6206896551724138,29.0,0.016666666666666666,-0.290376974923275,-0.28932413515598887
star,0.3,16,0.6666666666666666,77,0.3132702315974339,0.005,0.5751570521506548,0.005,-0.26188682055322093,0.12950624321788068,0.07460205782613973,0.2903225806451613,31.0,0.13333333333333333,-0.12950624321788068,-0.07460205782613973
star,0.3,17,0.08333333333333333,5,,,,,,,,,,,,
star,0.3,18,0.9166666666666666,157,0.49496323960813715,0.005,0.6344187415890615,0.005,-0.13945550198092438,0.3935167772054272,0.1751400639191566,0.48148148148148145,27.0,0.1,-0.3935167772054272,-0.1751400639191566
star,0.3,19,0.3333333333333333,30,0.2323440260211824,0.01,0.5298042753690999,0.005,-0.2974602493479175,0.17557723029777778,0.06393204404290798,0.0,11.0,0.0,-0.17557723029777778,-0.06393204404290798
star,0.6,0,0.9166666666666666,125,0.4866169432462771,0.005,0.5082745134473471,0.005,-0.02165757020107001,0.3796446375966782,0.4308268589348415,0.24,25.0,0.05,-0.3796446375966782,-0.4308268589348415
star,0.6,1,0.75,151,0.5138380654782343,0.005,0.28599192848590466,0.01,0.22784613699232964,0.17261623696489894,0.0924125191858835,0.375,32.0,0.8333333333333334,-0.17261623696489894,-0.0924125191858835
star,0.6,2,0.6666666666666666,99,0.5339729732238396,0.005,0.4109425633975896,0.005,0.12303040982625002,0.3109707060518912,0.169712909093181,0.14634146341463414,41.0,0.13333333333333333,-0.3109707060518912,-0.169712909093181
star,0.6,3,0.75,96,0.5377216429062592,0.005,0.3450114265665651,0.005,0.19271021633969415,0.35490468049899243,0.530975671646785,0.5714285714285714,14.0,0.26666666666666666,-0.35490468049899243,-0.530975671646785
star,0.6,4,0.5,53,0.3842391850343836,0.005,0.3415033392694718,0.005,0.042735845764911795,0.20672618901121304,-0.0005536788049789196,1.0,11.0,0.41509433962264153,-0.20672618901121304,0.0005536788049789196
star,0.6,5,0.08333333333333333,1,,,,,,,,,,,,
star,0.6,6,0.08333333333333333,4,,,,,,,,,,,,
star,0.6,7,0.08333333333333333,3,,,,,,,,,,,,
star,0.6,8,0.08333333333333333,2,,,,,,,,,,,,
star,0.6,9,0.16666666666666666,24,0.31958450623022994,0.005,0.5965477265699323,0.005,-0.27696322033970233,0.3513721715267867,0.1298979703336904,,0.0,0.0,-0.3513721715267867,-0.1298979703336904
star,0.6,10,0.16666666666666666,10,,,,,,0.401272486435214,0.5650989814700575,,0.0,,-0.401272486435214,-0.5650989814700575
star,0.6,11,0.8333333333333334,234,0.4713711431092609,0.005,0.3963559983596913,0.005,0.0750151447495696,0.1308117825161348,0.08257127273433143,0.875,24.0,0.08333333333333333,-0.1308117825161348,-0.08257127273433143
star,0.6,12,0.6666666666666666,73,0.4854711910119275,0.005,0.34885909361845535,0.005,0.13661209739347213,0.25729039286856037,0.12112545462910272,0.10714285714285714,28.0,0.03333333333333333,-0.25729039286856037,-0.12112545462910272
star,0.6,13,0.3333333333333333,22,0.5285989904210195,0.005,0.10807617281659238,0.25,0.42052281760442717,0.3458618990068698,0.319770320165562,1.0,11.0,0.5,-0.3458618990068698,-0.319770320165562
star,0.6,14,0.08333333333333333,2,,,,,,,,,,,,
star,0.6,15,1.0,132,0.4287660526301916,0.005,0.4927354050177657,0.005,-0.06396935238757412,0.2021947462349621,0.2002828610129868,0.6764705882352942,34.0,0.03333333333333333,-0.2021947462349621,-0.2002828610129868
star,0.6,16,0.4166666666666667,51,0.302198570046737,0.01,0.3412389215088279,0.01,-0.039040351462090894,0.08390816396808817,0.17841068779865718,0.125,24.0,0.0784313725490196,-0.08390816396808817,-0.17841068779865718
star,0.6,17,0.08333333333333333,5,,,,,,,,,,,,
star,0.6,18,1.0,219,0.2557219988678251,0.015,0.397747809761891,0.005,-0.1420258108940659,0.15979959312363445,0.07689562016063445,0.7941176470588235,34.0,0.7,-0.15979959312363445,-0.07689562016063445
star,0.6,19,0.3333333333333333,30,0.2323440260211824,0.01,0.5298042753690999,0.005,-0.2974602493479175,0.17557723029777778,0.06393204404290798,0.0,11.0,0.0,-0.17557723029777778,-0.06393204404290798
star,1.0,0,0.9166666666666666,182,0.13216430847058527,0.12,0.5634895628530426,0.005,-0.4313252543824574,0.051074100513677445,0.014222867756345183,0.12,25.0,0.45,-0.051074100513677445,-0.014222867756345183
star,1.0,1,1.0,258,0.4388386369414161,0.005,0.33628752320666705,0.005,0.10255111373474907,0.16578871857314698,0.06091332044493894,0.875,40.0,0.95,-0.16578871857314698,-0.06091332044493894
star,1.0,2,0.16666666666666666,18,0.4442229060519623,0.005,0.021647208281346926,0.465,0.4225756977706154,0.22012729940531892,0.07882150156495034,1.0,11.0,0.6111111111111112,-0.22012729940531892,-0.07882150156495034
star,1.0,3,0.6666666666666666,76,0.5312676270760234,0.005,0.38597812946358073,0.01,0.14528949761244264,0.3205382906813434,0.2675130281705131,0.047619047619047616,21.0,0.26666666666666666,-0.3205382906813434,-0.2675130281705131
star,1.0,4,0.5,53,0.3842391850343836,0.005,0.3415033392694718,0.005,0.042735845764911795,0.20672618901121304,-0.0005536788049789196,1.0,11.0,0.41509433962264153,-0.20672618901121304,0.0005536788049789196
star,1.0,5,0.08333333333333333,1,,,,,,,,,,,,
star,1.0,6,0.08333333333333333,4,,,,,,,,,,,,
star,1.0,7,0.08333333333333333,3,,,,,,,,,,,,
star,1.0,8,0.08333333333333333,2,,,,,,,,,,,,
star,1.0,9,0.16666666666666666,24,0.31958450623022994,0.005,0.5965477265699323,0.005,-0.27696322033970233,0.3513721715267867,0.1298979703336904,,0.0,0.0,-0.3513721715267867,-0.1298979703336904
star,1.0,10,0.16666666666666666,10,,,,,,0.401272486435214,0.5650989814700575,,0.0,,-0.401272486435214,-0.5650989814700575
star,1.0,11,1.0,267,0.42598677909063526,0.005,0.3039033771957955,0.005,0.12208340189483974,0.15666656086291003,0.2575484574147889,0.5,38.0,0.05,-0.15666656086291003,-0.2575484574147889
star,1.0,12,1.0,207,0.4347311997326979,0.005,0.48595513087902303,0.005,-0.05122393114632512,0.2510063166055303,0.20213304851271158,0.3448275862068966,29.0,0.25,-0.2510063166055303,-0.20213304851271158
star,1.0,13,0.3333333333333333,22,0.5285989904210195,0.005,0.10807617281659238,0.25,0.42052281760442717,0.3458618990068698,0.319770320165562,1.0,11.0,0.5,-0.3458618990068698,-0.319770320165562
star,1.0,14,0.08333333333333333,2,,,,,,,,,,,,
star,1.0,15,0.5833333333333334,64,0.4804787319962564,0.005,0.517797863147244,0.005,-0.03731913115098756,0.2556154547816296,0.13648670347696618,0.2,30.0,0.06666666666666667,-0.2556154547816296,-0.13648670347696618
star,1.0,16,0.4166666666666667,51,0.302198570046737,0.01,0.3412389215088279,0.01,-0.039040351462090894,0.08390816396808817,0.17841068779865718,0.125,24.0,0.0784313725490196,-0.08390816396808817,-0.17841068779865718
star,1.0,17,0.08333333333333333,5,,,,,,,,,,,,
star,1.0,18,0.9166666666666666,142,0.283096300529649,0.01,0.501079857975132,0.005,-0.21798355744548298,-0.011026970318325361,-0.10221182233243914,0.9142857142857143,35.0,0.8333333333333334,0.011026970318325361,0.10221182233243914
star,1.0,19,0.3333333333333333,30,0.29031481417703703,0.005,0.22613951099813376,0.015,0.06417530317890327,0.1238665650191505,0.02652087581987553,1.0,11.0,0.36666666666666664,-0.1238665650191505,-0.02652087581987553
complete,0.0,0,1.0,40,0.46540691206076373,0.005,0.5644968880269158,0.005,-0.09908997596615204,0.37186311066743,0.3419613640530699,0.05555555555555555,36.0,0.0,-0.37186311066743,-0.3419613640530699
complete,0.0,1,1.0,84,0.1812375194430653,0.035,0.5346880982917398,0.005,-0.3534505788486745,0.37183037084757037,0.30457580628182873,0.5370370370370371,54.0,0.0,-0.37183037084757037,-0.30457580628182873
complete,0.0,2,1.0,75,0.8884059936189512,0.005,0.6607813642766791,0.005,0.22762462934227212,0.5754455759252155,0.6166808225163676,0.30357142857142855,56.0,0.0,-0.5754455759252155,-0.6166808225163676
complete,0.0,3,1.0,91,0.5355448529465938,0.005,0.6709348747601015,0.005,-0.13539002181350768,0.3206256960857529,0.3919756488586472,0.4,55.0,0.0,-0.3206256960857529,-0.3919756488586472
complete,0.0,4,1.0,60,0.7219011211116694,0.005,0.6591093103090961,0.005,0.06279181080257323,0.5218364326130336,0.5763236459623733,0.2,55.0,0.0,-0.5218364326130336,-0.5763236459623733
complete,0.0,5,1.0,72,0.7805146889998965,0.005,0.5821664815936598,0.005,0.1983482074062367,0.40843823571661714,0.4470557821641109,0.07272727272727272,55.0,0.0,-0.40843823571661714,-0.4470557821641109
complete,0.0,6,1.0,92,0.778083808691698,0.005,0.734212383988473,0.005,0.043871424703225026,0.5907771779838751,0.723985377956764,0.18181818181818182,55.0,0.0,-0.5907771779838751,-0.723985377956764
complete,0.0,7,1.0,61,0.6463760906269467,0.005,0.7497557681831135,0.005,-0.10337967755616684,0.4931804132430619,0.519279964506694,0.1111111111111111,54.0,0.0,-0.4931804132430619,-0.519279964506694
complete,0.0,8,1.0,58,0.345688533385494,0.005,0.5759211021801444,0.005,-0.23023256879465037,0.42654870423699054,0.2649417127546772,0.22641509433962265,53.0,0.0,-0.42654870423699054,-0.2649417127546772
complete,0.0,9,1.0,51,0.5398456498849941,0.005,0.5007965666944284,0.005,0.03904908319056566,0.2522092915991029,0.13435182513203267,0.1956521739130435,46.0,0.0,-0.2522092915991029,-0.13435182513203267
complete,0.0,10,1.0,65,0.7089758837164556,0.005,0.6890379150174847,0.005,0.01993796869897091,0.5032765304754212,0.5277863235937019,0.18181818181818182,55.0,0.0,-0.5032765304754212,-0.5277863235937019
complete,0.0,11,1.0,83,0.7800924009191194,0.005,0.7702135555272637,0.005,0.009878845391855684,0.6461338740719896,0.7283612174567796,0.08928571428571429,56.0,0.0,-0.6461338740719896,-0.7283612174567796
complete,0.0,12,1.0,84,0.5477685563100582,0.005,0.6086579444447783,0.005,-0.06088938813472011,0.3921343200025159,0.29084907588614345,0.36363636363636365,55.0,0.0,-0.3921343200025159,-0.29084907588614345
complete,0.0,13,1.0,86,0.7253255785573854,0.005,0.4811959050805716,0.005,0.24412967347681386,0.4117117116507848,0.24209857252239964,0.46153846153846156,52.0,0.0,-0.4117117116507848,-0.24209857252239964
complete,0.0,14,1.0,92,0.8011242251099631,0.005,0.46585735760650154,0.005,0.3352668675034615,0.3007154078122779,0.3078054914456553,0.5490196078431373,51.0,0.0,-0.3007154078122779,-0.3078054914456553
complete,0.0,15,1.0,62,0.707751275714707,0.005,0.6319594115857822,0.005,0.0757918641289248,0.5009981729655524,0.5345784203780819,0.36363636363636365,55.0,0.0,-0.5009981729655524,-0.5345784203780819
complete,0.0,16,1.0,81,0.7148852655258096,0.005,0.794785950293466,0.005,-0.07990068476765644,0.5635960310374281,0.6104832321436362,0.26785714285714285,56.0,0.0,-0.5635960310374281,-0.6104832321436362
complete,0.0,17,1.0,56,0.7494713206036192,0.005,0.7393787839830983,0.005,0.010092536620520898,0.5194457881714117,0.4503380897780339,0.2,50.0,0.0,-0.5194457881714117,-0.4503380897780339
complete,0.0,18,1.0,54,0.355410082287002,0.005,0.4505237649343806,0.005,-0.09511368264737863,0.23341211449595053,0.06075980822658196,0.16326530612244897,49.0,0.0,-0.23341211449595053,-0.06075980822658196
complete,0.0,19,1.0,69,0.27340235175860433,0.005,0.811919844747114,0.005,-0.5385174929885097,0.24049582355387356,0.18830612547024955,0.4909090909090909,55.0,0.0,-0.24049582355387356,-0.18830612547024955
complete,0.3,0,1.0,114,0.5799334799156284,0.005,0.476741856294712,0.005,0.10319162362091638,0.3147508693524851,0.3601465772587244,0.49056603773584906,53.0,0.26666666666666666,-0.3147508693524851,-0.3601465772587244
complete,0.3,1,1.0,99,0.3482750596358441,0.005,0.6264544704657988,0.005,-0.27817941082995473,0.3138211439483709,0.3030257683816886,0.3,50.0,0.0,-0.3138211439483709,-0.3030257683816886
complete,0.3,2,1.0,26,0.7388908427586319,0.005,0.7613165155202919,0.005,-0.022425672761659965,0.5665594272761804,0.679220879089742,0.14285714285714285,21.0,0.11538461538461539,-0.5665594272761804,-0.679220879089742
complete,0.3,3,1.0,97,0.19731803959726696,0.01,0.47789393065771185,0.005,-0.2805758910604449,0.13895336008843992,0.03203117708703365,0.5714285714285714,56.0,0.18333333333333332,-0.13895336008843992,-0.03203117708703365
complete,0.3,4,1.0,57,0.7479707085036796,0.005,0.6182568000045806,0.005,0.12971390849909903,0.5453038231534535,0.37721791140208444,0.3076923076923077,52.0,0.0,-0.5453038231534535,-0.37721791140208444
complete,0.3,5,1.0,49,0.710960041757485,0.005,0.457141663175206,0.005,0.25381837858227896,0.2769755172656552,0.2049896825178541,0.3409090909090909,44.0,0.12244897959183673,-0.2769755172656552,-0.2049896825178541
complete,0.3,6,1.0,57,0.4628362332297027,0.005,0.45466195404546056,0.005,0.008174279184242128,0.3064430284807726,0.2538660381973564,0.3137254901960784,51.0,0.14035087719298245,-0.3064430284807726,-0.2538660381973564
complete,0.3,7,1.0,64,0.49325968140267057,0.005,0.5087597356669501,0.005,-0.015500054264279528,0.6610214274171109,0.7429498930001198,0.2777777777777778,54.0,0.06666666666666667,-0.6610214274171109,-0.7429498930001198
complete,0.3,8,1.0,76,0.5353012450946634,0.005,0.4372108060245915,0.005,0.09809043907007187,0.32440572026003844,0.2445455329117046,0.509090909090909,55.0,0.2,-0.32440572026003844,-0.2445455329117046
complete,0.3,9,1.0,49,0.8237422399313017,0.005,0.17209685624200985,0.015,0.6516453836892918,0.17051183013781884,0.11706110590234955,0.4418604651162791,43.0,0.32653061224489793,-0.17051183013781884,-0.11706110590234955
complete,0.3,10,1.0,63,0.8606460815938158,0.005,0.31637791939742466,0.005,0.5442681621963912,0.24861067902446962,0.24302963455321597,0.4,50.0,0.26666666666666666,-0.24861067902446962,-0.24302963455321597
complete,0.3,11,1.0,75,0.8547310057708899,0.005,0.34366545874280996,0.005,0.5110655470280799,0.17307546088640144,0.26395267588329824,0.45454545454545453,55.0,0.31666666666666665,-0.17307546088640144,-0.26395267588329824
complete,0.3,12,1.0,106,0.5693369114421399,0.005,0.6241199749248274,0.005,-0.054783063482687466,0.41946461523544726,0.19030747370665332,0.4107142857142857,56.0,0.08333333333333333,-0.41946461523544726,-0.19030747370665332
complete,0.3,13,1.0,60,0.5681449283815795,0.005,0.746094959524777,0.005,-0.17795003114319752,0.4645543401414952,0.2905578798233754,0.2545454545454545,55.0,0.08333333333333333,-0.4645543401414952,-0.2905578798233754
complete,0.3,14,1.0,104,0.6658362321310661,0.005,0.5539686887697326,0.005,0.11186754336133353,0.16775862899559552,0.12243935548730202,0.47058823529411764,51.0,0.03333333333333333,-0.16775862899559552,-0.12243935548730202
complete,0.3,15,1.0,70,0.7174643363229818,0.005,0.16890384705450648,0.005,0.5485604892684753,0.004003157235142439,0.07072065230711241,0.43636363636363634,55.0,0.21666666666666667,-0.004003157235142439,-0.07072065230711241
complete,0.3,16,1.0,35,0.8348895653959858,0.005,0.5592201171869846,0.005,0.2756694482090012,0.5521921791896642,0.6092749936486432,0.45161290322580644,31.0,0.2,-0.5521921791896642,-0.6092749936486432
complete,0.3,17,1.0,54,0.41627887587254603,0.005,0.6238728995573658,0.005,-0.20759402368481977,0.40264286279996475,0.3043425835517658,0.1702127659574468,47.0,0.0,-0.40264286279996475,-0.3043425835517658
complete,0.3,18,1.0,51,0.48873556541488705,0.005,0.708235309195096,0.005,-0.21949974378020898,0.25148756625111623,0.028733945250548162,0.1956521739130435,46.0,0.0,-0.25148756625111623,-0.028733945250548162
complete,0.3,19,1.0,78,0.5022669112242205,0.005,0.6385645210574494,0.005,-0.13629760983322892,0.390683570057281,0.35737108422649816,0.35185185185185186,54.0,0.08333333333333333,-0.390683570057281,-0.35737108422649816
complete,0.6,0,1.0,75,0.5361052456436198,0.005,0.38754823108246506,0.005,0.14855701456115478,0.26894520795662935,0.27551762019114273,0.46296296296296297,54.0,0.4,-0.26894520795662935,-0.27551762019114273
complete,0.6,1,1.0,84,0.16025138236059233,0.005,0.28458271123171164,0.005,-0.1243313288711193,0.05048031683971448,-0.06161796961984981,0.16,50.0,0.2833333333333333,-0.05048031683971448,0.06161796961984981
complete,0.6,2,1.0,78,0.4717055865067573,0.005,0.2234761311511779,0.005,0.24822945535557941,0.13388326212505872,0.11358225558485746,0.48148148148148145,54.0,0.3,-0.13388326212505872,-0.11358225558485746
complete,0.6,3,1.0,74,0.09244692690863489,0.2,0.4656028179179509,0.005,-0.373155891009316,-0.0784746244044496,-0.12787418394870267,0.30434782608695654,46.0,0.43333333333333335,0.0784746244044496,0.12787418394870267
complete,0.6,4,1.0,55,0.6678162016697741,0.005,0.28632840997408987,0.005,0.3814877916956842,0.4301373348501272,0.42495919706047386,0.42,50.0,0.23636363636363636,-0.4301373348501272,-0.42495919706047386
complete,0.6,5,1.0,98,0.6275899776696868,0.005,0.2222981330413361,0.005,0.4052918446283507,0.22786714493598476,0.23439383794180157,0.6428571428571429,56.0,0.5333333333333333,-0.22786714493598476,-0.23439383794180157
complete,0.6,6,1.0,95,0.5281081569250331,0.005,0.38259504599588023,0.005,0.14551311092915287,0.2866720435051222,0.2070097587975071,0.6071428571428571,56.0,0.4,-0.2866720435051222,-0.2070097587975071
complete,0.6,7,1.0,50,0.5339597813143175,0.005,0.12243322234503223,0.03,0.4115265589692853,0.23075016033150844,0.26513939848671725,0.6666666666666666,45.0,0.5,-0.23075016033150844,-0.26513939848671725
complete,0.6,8,1.0,85,0.6072088602373873,0.005,0.5307061936916276,0.005,0.07650266654575966,0.4307957107965133,0.5203400520845772,0.5357142857142857,56.0,0.16666666666666666,-0.4307957107965133,-0.5203400520845772
complete,0.6,9,1.0,65,0.7939912182784494,0.005,0.3283340420076115,0.005,0.4656571762708379,0.3286832937790103,0.45814738310306535,0.5555555555555556,54.0,0.13333333333333333,-0.3286832937790103,-0.45814738310306535
complete,0.6,10,1.0,65,0.7822620183404839,0.005,-0.14512165723077983,0.95,0.9273836755712638,-0.062729989551841,-0.00417508508201474,0.7254901960784313,51.0,0.55,0.062729989551841,0.00417508508201474
complete,0.6,11,1.0,66,0.8550742881601044,0.005,0.14461584561757077,0.015,0.7104584425425337,0.1527120483133638,0.10902088105502604,0.6296296296296297,54.0,0.4666666666666667,-0.1527120483133638,-0.10902088105502604
complete,0.6,12,1.0,77,0.6015693291237135,0.005,0.40479953639880634,0.005,0.1967697927249072,0.38071314968028924,0.4607309021024151,0.4074074074074074,54.0,0.31666666666666665,-0.38071314968028924,-0.4607309021024151
complete,0.6,13,1.0,88,0.8954853997942949,0.005,0.33020455797450954,0.005,0.5652808418197853,0.289854955890781,0.18887121369324272,0.8846153846153846,52.0,0.9,-0.289854955890781,-0.18887121369324272
complete,0.6,14,1.0,93,0.7511585693937736,0.005,0.46542200526501537,0.005,0.2857365641287582,0.2725776560081541,0.18143452053768447,0.8431372549019608,51.0,0.31666666666666665,-0.2725776560081541,-0.18143452053768447
complete,0.6,15,1.0,89,0.7502299981691143,0.005,0.39409031681741175,0.005,0.35613968135170254,0.1761214979641107,0.09815928692137711,0.41509433962264153,53.0,0.21666666666666667,-0.1761214979641107,-0.09815928692137711
complete,0.6,16,1.0,36,0.8388173075363078,0.005,0.42261151858319473,0.005,0.41620578895311305,0.29094575173386206,0.28764724655258633,0.75,32.0,0.6666666666666666,-0.29094575173386206,-0.28764724655258633
complete,0.6,17,1.0,58,0.6174412602450161,0.005,0.4003924814243546,0.005,0.21704877882066154,0.4584628115442697,0.27032166423306897,0.6666666666666666,51.0,0.39655172413793105,-0.4584628115442697,-0.27032166423306897
complete,0.6,18,1.0,91,0.6514953390363392,0.005,0.3884549678164439,0.005,0.26304037121989526,0.26326836293607925,0.17474250798035024,0.6,55.0,0.48333333333333334,-0.26326836293607925,-0.17474250798035024
complete,0.6,19,1.0,123,0.33047364016569,0.005,0.5766189718237648,0.005,-0.24614533165807478,0.33925656284190286,0.3073769572773523,0.6226415094339622,53.0,0.18333333333333332,-0.33925656284190286,-0.3073769572773523
complete,1.0,0,1.0,75,0.6791563368648311,0.005,0.20004765745418845,0.01,0.47910867941064267,0.20046067406266527,0.04176176743921908,0.6296296296296297,54.0,0.5333333333333333,-0.20046067406266527,-0.04176176743921908
complete,1.0,1,1.0,81,0.2303364544060579,0.02,0.26099997976197276,0.005,-0.03066352535591485,0.28351447313241473,0.26836126004722677,0.6078431372549019,51.0,0.4666666666666667,-0.28351447313241473,-0.26836126004722677
complete,1.0,2,1.0,94,0.8750935157852562,0.005,0.22868205542954795,0.005,0.6464114603557083,0.22921690526884086,0.14239630708697984,0.9814814814814815,54.0,0.8833333333333333,-0.22921690526884086,-0.14239630708697984
complete,1.0,3,1.0,54,0.1652282625766778,0.01,0.20991553265750443,0.005,-0.044687270080826624,0.06557065558639949,0.03553719263247015,0.45652173913043476,46.0,0.6111111111111112,-0.06557065558639949,-0.03553719263247015
complete,1.0,4,1.0,68,0.6816855918461577,0.005,0.3453737536159355,0.005,0.33631183823022226,0.21921056024031613,0.30450496501706814,0.7818181818181819,55.0,0.48333333333333334,-0.21921056024031613,-0.30450496501706814
complete,1.0,5,1.0,44,0.8833900759513345,0.005,0.1230604555512759,0.03,0.7603296204000586,0.1702326438201987,0.23421479522625976,0.8717948717948718,39.0,0.6590909090909091,-0.1702326438201987,-0.23421479522625976
complete,1.0,6,1.0,73,0.3657608719634691,0.005,0.15965693799370367,0.01,0.20610393396976545,0.3783756307239114,0.3509105692820453,0.6481481481481481,54.0,0.5666666666666667,-0.3783756307239114,-0.3509105692820453
complete,1.0,7,1.0,63,0.5442289857865528,0.005,0.18390997985132068,0.005,0.3603190059352321,0.22678638304106652,0.21330842339817535,0.6851851851851852,54.0,0.5333333333333333,-0.22678638304106652,-0.21330842339817535
complete,1.0,8,1.0,89,0.4823680437468125,0.005,0.1853646251732416,0.005,0.29700341857357093,0.11774327192998096,0.14329245577750047,0.9074074074074074,54.0,0.55,-0.11774327192998096,-0.14329245577750047
complete,1.0,9,1.0,67,0.6158407247620846,0.005,0.4550432985021146,0.005,0.16079742625997,0.3150896104751491,0.36959497338583536,0.9090909090909091,55.0,0.8166666666666667,-0.3150896104751491,-0.36959497338583536
complete,1.0,10,1.0,106,0.7133701511015099,0.005,0.184322388085423,0.005,0.5290477630160869,0.1662597334709078,0.22511963547982367,0.8518518518518519,54.0,0.7,-0.1662597334709078,-0.22511963547982367
complete,1.0,11,1.0,63,0.8883097334971968,0.005,0.10592371822818507,0.015,0.7823860152690117,0.10245322739569393,0.06589158478502366,0.8301886792452831,53.0,0.5833333333333334,-0.10245322739569393,-0.06589158478502366
complete,1.0,12,1.0,52,0.591767600548993,0.005,0.10410413829421777,0.065,0.48766346225477525,0.175239467639977,0.09202741662292947,0.717391304347826,46.0,0.3269230769230769,-0.175239467639977,-0.09202741662292947
complete,1.0,13,1.0,92,0.6427168440571563,0.005,0.05181407162311696,0.205,0.5909027724340394,0.09758648384279682,0.042996891476653365,0.9615384615384616,52.0,0.9166666666666666,-0.09758648384279682,-0.042996891476653365
complete,1.0,14,1.0,59,0.5433021373263665,0.005,0.20950814913784707,0.005,0.33379398818851935,-0.02234309719153127,-0.059562894279979677,0.6981132075471698,53.0,0.4915254237288136,0.02234309719153127,0.059562894279979677
complete,1.0,15,1.0,79,0.6337718880584186,0.005,0.21686221592091492,0.005,0.41690967213750363,0.12927239032485127,0.02713200224988334,0.6981132075471698,53.0,0.8,-0.12927239032485127,-0.02713200224988334
complete,1.0,16,0.9166666666666666,30,0.8426180869692772,0.005,0.1984760987156367,0.02,0.6441419882536406,0.0529047408209261,0.021941962298312388,0.9230769230769231,26.0,0.8,-0.0529047408209261,-0.021941962298312388
complete,1.0,17,1.0,98,0.6218333783093873,0.005,0.021064741134136214,0.35,0.6007686371752511,0.1902904672609646,0.11710105154439093,0.9056603773584906,53.0,0.8833333333333333,-0.1902904672609646,-0.11710105154439093
complete,1.0,18,1.0,73,0.5446935976224361,0.005,0.16884588373558948,0.01,0.37584771388684657,0.06573822032169586,0.0032673569242526695,0.6111111111111112,54.0,0.6,-0.06573822032169586,-0.0032673569242526695
complete,1.0,19,1.0,58,0.4145707471680051,0.005,0.33016464068656376,0.005,0.08440610648144137,0.5492655234502246,0.5726389491263446,0.7254901960784313,51.0,0.41379310344827586,-0.5492655234502246,-0.5726389491263446
chain,0.0,0,0.16666666666666666,10,0.5672757677920361,0.005,0.6970705943972333,0.005,-0.12979482660519714,0.39353162886992055,0.0729146875348884,0.0,3.0,0.0,-0.39353162886992055,-0.0729146875348884
chain,0.0,1,0.16666666666666666,4,,,,,,,,,,,,
chain,0.0,2,0.3333333333333333,32,0.45807593142788267,0.005,0.6429182362848463,0.005,-0.18484230485696368,0.24742728065159236,0.15536095995138702,0.0,21.0,0.0,-0.24742728065159236,-0.15536095995138702
chain,0.0,3,0.25,36,0.5118971365914061,0.005,0.48256232890022543,0.005,0.029334807691180687,0.3685957020170191,0.34419665412595296,0.08333333333333333,12.0,0.0,-0.3685957020170191,-0.34419665412595296
chain,0.0,4,0.08333333333333333,1,,,,,,,,,,,,
chain,0.0,5,0.25,15,0.713941289679892,0.005,0.5986966661620072,0.005,0.11524462351788478,0.4474210306451237,0.468452872926368,0.0,6.0,0.0,-0.4474210306451237,-0.468452872926368
chain,0.0,6,0.08333333333333333,5,,,,,,,,,,,,
chain,0.0,7,0.16666666666666666,16,,,,,,0.010355689998259693,0.09335062152113698,,0.0,,-0.010355689998259693,-0.09335062152113698
chain,0.0,8,0.5,51,0.7442621720798128,0.005,0.721083298148919,0.005,0.023178873930893795,0.5331555721134396,0.4283578125228399,0.022222222222222223,45.0,0.0,-0.5331555721134396,-0.4283578125228399
chain,0.0,9,0.3333333333333333,45,0.678334622582059,0.005,0.594022454774823,0.005,0.08431216780723605,0.4505436379871733,0.5201360261419931,0.0,35.0,0.0,-0.4505436379871733,-0.5201360261419931
chain,0.0,10,0.08333333333333333,1,,,,,,,,,,,,
chain,0.0,11,0.16666666666666666,6,,,,,,,,,,,,
chain,0.0,12,0.25,8,0.7550704931266246,0.005,0.7343912279511984,0.005,0.020679265175426176,0.6821486270846281,0.6257166735493224,0.0,4.0,0.0,-0.6821486270846281,-0.6257166735493224
chain,0.0,13,0.3333333333333333,14,0.3846833839861661,0.005,0.8332561990678086,0.005,-0.4485728150816425,0.2466195683603366,0.05779147712681968,,0.0,0.0,-0.2466195683603366,-0.05779147712681968
chain,0.0,14,0.3333333333333333,18,0.6109623399409223,0.005,0.5955799730414836,0.005,0.015382366899438726,0.4862211647282117,0.21987831546244724,0.0,1.0,0.0,-0.4862211647282117,-0.21987831546244724
chain,0.0,15,0.08333333333333333,4,,,,,,,,,,,,
chain,0.0,16,0.16666666666666666,6,,,,,,,,,,,,
chain,0.0,17,0.16666666666666666,10,0.5787489638270037,0.01,0.46842795636077494,0.015,0.11032100746622875,0.7108490708227257,0.5945950989838087,0.0,1.0,0.0,-0.7108490708227257,-0.5945950989838087
chain,0.0,18,0.16666666666666666,3,,,,,,,,,,,,
chain,0.0,19,0.08333333333333333,2,,,,,,,,,,,,
chain,0.3,0,0.25,13,0.6734717625297438,0.005,0.3570768411536976,0.01,0.31639492137604625,0.4739575155296903,0.6954078561172214,1.0,1.0,0.07692307692307693,-0.4739575155296903,-0.6954078561172214
chain,0.3,1,0.16666666666666666,3,,,,,,,,,,,,
chain,0.3,2,0.25,14,0.2370780926138814,0.09,0.46478080723309656,0.005,-0.22770271461921515,0.17209160961883752,0.10129873886659979,0.0,2.0,0.0,-0.17209160961883752,-0.10129873886659979
chain,0.3,3,0.16666666666666666,12,0.23473423477454172,0.13,0.4863964502405587,0.005,-0.25166221546601697,0.08850761886919421,0.06566325241027268,0.0,1.0,0.0,-0.08850761886919421,-0.06566325241027268
chain,0.3,4,0.08333333333333333,1,,,,,,,,,,,,
chain,0.3,5,0.4166666666666667,31,0.46314758458202654,0.005,0.5681718550398417,0.005,-0.10502427045781515,0.26173028584554103,0.052578864798412554,0.04,25.0,0.0,-0.26173028584554103,-0.052578864798412554
chain,0.3,6,0.08333333333333333,5,,,,,,,,,,,,
chain,0.3,7,0.16666666666666666,5,,,,,,,,,,,,
chain,0.3,8,0.25,6,,,,,,,,,,,,
chain,0.3,9,0.16666666666666666,6,,,,,,,,,,,,
chain,0.3,10,0.08333333333333333,1,,,,,,,,,,,,
chain,0.3,11,0.16666666666666666,2,,,,,,,,,,,,
chain,0.3,12,0.16666666666666666,8,0.5172199460538738,0.03,0.09042989964512113,0.485,0.4267900464087526,0.1726823644701192,0.3009991077054576,0.0,1.0,0.0,-0.1726823644701192,-0.3009991077054576
chain,0.3,13,0.25,9,0.719877907014329,0.005,0.6617660728850802,0.005,0.05811183412924881,0.7200595446833161,0.4632592958341812,,0.0,0.0,-0.7200595446833161,-0.4632592958341812
chain,0.3,14,0.16666666666666666,6,,,,,,,,,,,,
chain,0.3,15,0.08333333333333333,4,,,,,,,,,,,,
chain,0.3,16,0.5,34,0.545931542552174,0.005,0.6785152657998371,0.005,-0.1325837232476631,0.4003267998279385,0.26851631220091055,0.1875,16.0,0.35294117647058826,-0.4003267998279385,-0.26851631220091055
chain,0.3,17,0.16666666666666666,10,0.25404335743449785,0.23,0.44064814307418465,0.04,-0.1866047856396868,0.603911986592889,0.3208030265350477,0.0,1.0,0.0,-0.603911986592889,-0.3208030265350477
chain,0.3,18,0.16666666666666666,12,0.13992111833053944,0.27,0.0687525637807658,0.325,0.07116855454977364,0.1010699854657014,0.2593086813992173,1.0,3.0,0.25,-0.1010699854657014,-0.2593086813992173
chain,0.3,19,0.08333333333333333,2,,,,,,,,,,,,
chain,0.6,0,0.25,13,0.6734717625297438,0.005,0.3570768411536976,0.01,0.31639492137604625,0.4739575155296903,0.6954078561172214,1.0,1.0,0.07692307692307693,-0.4739575155296903,-0.6954078561172214
chain,0.6,1,0.16666666666666666,3,,,,,,,,,,,,
chain,0.6,2,0.25,14,0.2370780926138814,0.09,0.46478080723309656,0.005,-0.22770271461921515,0.17209160961883752,0.10129873886659979,0.0,2.0,0.0,-0.17209160961883752,-0.10129873886659979
chain,0.6,3,0.16666666666666666,12,0.23473423477454172,0.13,0.4863964502405587,0.005,-0.25166221546601697,0.08850761886919421,0.06566325241027268,0.0,1.0,0.0,-0.08850761886919421,-0.06566325241027268
chain,0.6,4,0.08333333333333333,1,,,,,,,,,,,,
chain,0.6,5,0.4166666666666667,31,0.46314758458202654,0.005,0.5681718550398417,0.005,-0.10502427045781515,0.26173028584554103,0.052578864798412554,0.04,25.0,0.0,-0.26173028584554103,-0.052578864798412554
chain,0.6,6,0.08333333333333333,5,,,,,,,,,,,,
chain,0.6,7,0.5,49,0.5601373548562388,0.005,0.3580035493871468,0.005,0.20213380546909204,0.4102713875760936,0.3007078021495956,0.8913043478260869,46.0,0.8163265306122449,-0.4102713875760936,-0.3007078021495956
chain,0.6,8,0.25,6,,,,,,,,,,,,
chain,0.6,9,0.16666666666666666,6,,,,,,,,,,,,
chain,0.6,10,0.08333333333333333,1,,,,,,,,,,,,
chain,0.6,11,0.3333333333333333,43,0.5028900456046459,0.005,0.4374038568573476,0.005,0.06548618874729828,0.1275574295679723,0.06219280817426996,0.8285714285714286,35.0,0.627906976744186,-0.1275574295679723,-0.06219280817426996
chain,0.6,12,0.16666666666666666,8,0.5172199460538738,0.03,-0.22190988751158827,0.775,0.739129833565462,0.00836412240279722,0.0500745358348372,1.0,1.0,0.125,-0.00836412240279722,-0.0500745358348372
chain,0.6,13,0.25,9,0.719877907014329,0.005,0.6617660728850802,0.005,0.05811183412924881,0.7200595446833161,0.4632592958341812,,0.0,0.0,-0.7200595446833161,-0.4632592958341812
chain,0.6,14,0.16666666666666666,6,,,,,,,,,,,,
chain,0.6,15,0.08333333333333333,4,,,,,,,,,,,,
chain,0.6,16,0.4166666666666667,30,0.6568520165724178,0.005,0.5827413969650242,0.005,0.07411061960739351,0.3560527393721996,0.25223298865979404,0.3125,16.0,0.4,-0.3560527393721996,-0.25223298865979404
chain,0.6,17,0.4166666666666667,31,0.5969636177137028,0.005,0.6805323856949098,0.005,-0.08356876798120705,0.44436292155436297,0.531659672850946,0.30434782608695654,23.0,0.1935483870967742,-0.44436292155436297,-0.531659672850946
chain,0.6,18,0.16666666666666666,12,0.13992111833053944,0.27,0.0687525637807658,0.325,0.07116855454977364,0.1010699854657014,0.2593086813992173,1.0,3.0,0.25,-0.1010699854657014,-0.2593086813992173
chain,0.6,19,0.08333333333333333,2,,,,,,,,,,,,
chain,1.0,0,0.25,13,0.6734717625297438,0.005,0.3570768411536976,0.01,0.31639492137604625,0.4739575155296903,0.6954078561172214,1.0,1.0,0.07692307692307693,-0.4739575155296903,-0.6954078561172214
chain,1.0,1,0.16666666666666666,3,,,,,,,,,,,,
chain,1.0,2,0.25,14,0.2370780926138814,0.09,0.46478080723309656,0.005,-0.22770271461921515,0.17209160961883752,0.10129873886659979,0.0,2.0,0.0,-0.17209160961883752,-0.10129873886659979
chain,1.0,3,0.25,24,0.44096189121067314,0.005,0.2635039763446066,0.005,0.17745791486606655,0.13273374177789976,0.2359769351603044,1.0,13.0,0.5416666666666666,-0.13273374177789976,-0.2359769351603044
chain,1.0,4,0.08333333333333333,1,,,,,,,,,,,,
chain,1.0,5,0.25,31,0.7272866349256513,0.005,0.4317230489921248,0.005,0.29556358593352644,0.3526261828854352,0.2226223797460608,0.5,10.0,0.16129032258064516,-0.3526261828854352,-0.2226223797460608
chain,1.0,6,0.08333333333333333,5,,,,,,,,,,,,
chain,1.0,7,0.4166666666666667,49,0.40021498970257746,0.005,0.3632795301918661,0.005,0.036935459510711366,0.5225961676668073,0.5710193621126648,1.0,46.0,0.9387755102040817,-0.5225961676668073,-0.5710193621126648
chain,1.0,8,0.25,6,,,,,,,,,,,,
chain,1.0,9,0.16666666666666666,6,,,,,,,,,,,,
chain,1.0,10,0.08333333333333333,1,,,,,,,,,,,,
chain,1.0,11,0.3333333333333333,30,0.5704527086238084,0.005,0.24537960085861854,0.03,0.32507310776518983,0.03421834868173249,0.15403415078468102,1.0,22.0,0.8,-0.03421834868173249,-0.15403415078468102
chain,1.0,12,0.16666666666666666,8,0.5172199460538738,0.03,-0.22190988751158827,0.775,0.739129833565462,0.00836412240279722,0.0500745358348372,1.0,1.0,0.125,-0.00836412240279722,-0.0500745358348372
chain,1.0,13,0.25,9,0.719877907014329,0.005,0.6617660728850802,0.005,0.05811183412924881,0.7200595446833161,0.4632592958341812,,0.0,0.0,-0.7200595446833161,-0.4632592958341812
chain,1.0,14,0.16666666666666666,6,,,,,,,,,,,,
chain,1.0,15,0.08333333333333333,4,,,,,,,,,,,,
chain,1.0,16,0.5,41,0.7615563302473682,0.005,0.5920590778371386,0.005,0.16949725241022962,0.377675000040163,0.30658429472115256,1.0,19.0,0.8292682926829268,-0.377675000040163,-0.30658429472115256
chain,1.0,17,0.4166666666666667,42,0.42378208315466454,0.005,0.5728979501523586,0.005,-0.14911586699769402,0.21365932650141142,0.10853379632850095,0.5555555555555556,36.0,0.42857142857142855,-0.21365932650141142,-0.10853379632850095
chain,1.0,18,0.16666666666666666,12,0.13992111833053944,0.27,0.0687525637807658,0.325,0.07116855454977364,0.1010699854657014,0.2593086813992173,1.0,3.0,0.25,-0.1010699854657014,-0.2593086813992173
chain,1.0,19,0.08333333333333333,2,,,,,,,,,,,,
