topology,mu_core,det,outbreak_frac,detect_rate_all,detect_rate,median_t_detect,frac_infected_at_detect,saved_frac,loo_fpr,job
chain,0.0,beh,0.2,0.3,1.0,12.5,0.4583333333333333,0.0714285714285714,0.1,e7_ttd_mock
chain,0.0,lex,0.2,0.4,1.0,5.0,0.25,0.4857142857142857,0.25,e7_ttd_mock
chain,0.0,sem,0.2,0.4,1.0,5.0,0.25,0.4857142857142857,0.15,e7_ttd_mock
chain,0.2,beh,0.0,0.4,,,,,0.1,e7_ttd_mock
chain,0.2,lex,0.0,0.3,,,,,0.25,e7_ttd_mock
chain,0.2,sem,0.0,0.2,,,,,0.15,e7_ttd_mock
chain,0.4,beh,0.0,0.1,,,,,0.1,e7_ttd_mock
chain,0.4,lex,0.0,0.5,,,,,0.25,e7_ttd_mock
chain,0.4,sem,0.0,0.3,,,,,0.15,e7_ttd_mock
complete,0.0,beh,1.0,1.0,1.0,3.5,1.0,0.0,0.05,e7_ttd_mock
complete,0.0,lex,1.0,1.0,1.0,2.0,1.0,0.0,0.15,e7_ttd_mock
complete,0.0,sem,1.0,1.0,1.0,2.0,1.0,0.0,0.2,e7_ttd_mock
complete,0.2,beh,1.0,0.5,0.5,9.0,1.0,0.0,0.05,e7_ttd_mock
complete,0.2,lex,1.0,1.0,1.0,2.0,0.9166666666666666,0.1416666666666666,0.15,e7_ttd_mock
complete,0.2,sem,1.0,1.0,1.0,3.0,0.9166666666666666,0.1333333333333333,0.2,e7_ttd_mock
complete,0.4,beh,0.9,0.0,0.0,,,0.0,0.05,e7_ttd_mock
complete,0.4,lex,0.9,0.7,0.7777777777777778,10.0,0.9166666666666666,0.0703703703703703,0.15,e7_ttd_mock
complete,0.4,sem,0.9,0.9,0.8888888888888888,5.0,0.625,0.284006734006734,0.2,e7_ttd_mock
star,0.0,beh,0.5,0.5,0.8,2.0,0.625,0.1255555555555555,0.1,e7_ttd_mock
star,0.0,lex,0.5,0.6,1.0,3.0,0.6666666666666666,0.0866666666666666,0.3,e7_ttd_mock
star,0.0,sem,0.5,0.7,1.0,3.0,0.6666666666666666,0.0866666666666666,0.15,e7_ttd_mock
star,0.2,beh,0.2,0.2,0.5,6.0,0.5833333333333334,0.0625,0.1,e7_ttd_mock
star,0.2,lex,0.2,0.4,1.0,5.0,0.5,0.2053571428571428,0.3,e7_ttd_mock
star,0.2,sem,0.2,0.3,1.0,5.0,0.5,0.2053571428571428,0.15,e7_ttd_mock
star,0.4,beh,0.2,0.3,0.0,,,0.0,0.1,e7_ttd_mock
star,0.4,lex,0.2,0.8,1.0,11.5,0.5416666666666667,0.2291666666666666,0.3,e7_ttd_mock
star,0.4,sem,0.2,0.3,1.0,11.5,0.5416666666666667,0.2291666666666666,0.15,e7_ttd_mock
