topology,mu_core,det,outbreak_frac,detect_rate_all,detect_rate,median_t_detect,frac_infected_at_detect,saved_frac,loo_fpr
chain,0.0,beh,0.2,0.3,1.0,12.5,0.45833333333333337,0.07142857142857142,0.1
chain,0.0,lex,0.2,0.4,1.0,5.0,0.25,0.4857142857142857,0.25
chain,0.0,sem,0.2,0.4,1.0,5.0,0.25,0.4857142857142857,0.15
chain,0.2,beh,0.0,0.4,,,,,0.1
chain,0.2,lex,0.0,0.3,,,,,0.25
chain,0.2,sem,0.0,0.2,,,,,0.15
chain,0.4,beh,0.0,0.1,,,,,0.1
chain,0.4,lex,0.0,0.5,,,,,0.25
chain,0.4,sem,0.0,0.3,,,,,0.15
complete,0.0,beh,1.0,1.0,1.0,3.5,1.0,0.0,0.05
complete,0.0,lex,1.0,1.0,1.0,2.0,1.0,0.0,0.15
complete,0.0,sem,1.0,1.0,1.0,2.0,1.0,0.0,0.2
complete,0.2,beh,1.0,0.5,0.5,9.0,1.0,0.0,0.05
complete,0.2,lex,1.0,1.0,1.0,2.0,0.9166666666666666,0.14166666666666666,0.15
complete,0.2,sem,1.0,1.0,1.0,3.0,0.9166666666666666,0.13333333333333333,0.2
complete,0.4,beh,0.9,0.0,0.0,,,0.0,0.05
complete,0.4,lex,0.9,0.7,0.7777777777777778,10.0,0.9166666666666666,0.07037037037037037,0.15
complete,0.4,sem,0.9,0.9,0.8888888888888888,5.0,0.625,0.284006734006734,0.2
star,0.0,beh,0.5,0.5,0.8,2.0,0.625,0.12555555555555556,0.1
star,0.0,lex,0.5,0.6,1.0,3.0,0.6666666666666666,0.08666666666666667,0.3
star,0.0,sem,0.5,0.7,1.0,3.0,0.6666666666666666,0.08666666666666667,0.15
star,0.2,beh,0.2,0.2,0.5,6.0,0.5833333333333334,0.0625,0.1
star,0.2,lex,0.2,0.4,1.0,5.0,0.5,0.20535714285714285,0.3
star,0.2,sem,0.2,0.3,1.0,5.0,0.5,0.20535714285714285,0.15
star,0.4,beh,0.2,0.3,0.0,,,0.0,0.1
star,0.4,lex,0.2,0.8,1.0,11.5,0.5416666666666667,0.22916666666666666,0.3
star,0.4,sem,0.2,0.3,1.0,11.5,0.5416666666666667,0.22916666666666666,0.15
