topology,mu_core,seed,det,attack_rate,t_detect,detected,frac_at_detect,saved_frac
star,0.0,0,lex,0.75,3.0,True,0.75,0.0
star,0.0,0,sem,0.75,3.0,True,0.75,0.0
star,0.0,0,beh,0.75,2.0,True,0.6666666666666666,0.1111111111111111
star,0.0,1,lex,0.8333333333333334,5.0,True,0.75,0.1
star,0.0,1,sem,0.8333333333333334,5.0,True,0.75,0.1
star,0.0,1,beh,0.8333333333333334,5.0,True,0.75,0.1
star,0.0,2,lex,0.16666666666666666,,False,,0.0
star,0.0,2,sem,0.16666666666666666,,False,,0.0
star,0.0,2,beh,0.16666666666666666,,False,,0.0
star,0.0,3,lex,0.08333333333333333,,False,,0.0
star,0.0,3,sem,0.08333333333333333,,False,,0.0
star,0.0,3,beh,0.08333333333333333,,False,,0.0
star,0.0,4,lex,0.08333333333333333,,False,,0.0
star,0.0,4,sem,0.08333333333333333,3.0,True,0.08333333333333333,0.0
star,0.0,4,beh,0.08333333333333333,10.0,True,0.08333333333333333,0.0
star,0.0,5,lex,0.08333333333333333,10.0,True,0.08333333333333333,0.0
star,0.0,5,sem,0.08333333333333333,9.0,True,0.08333333333333333,0.0
star,0.0,5,beh,0.08333333333333333,,False,,0.0
star,0.0,6,lex,0.4166666666666667,3.0,True,0.4166666666666667,0.0
star,0.0,6,sem,0.4166666666666667,3.0,True,0.4166666666666667,0.0
star,0.0,6,beh,0.4166666666666667,,False,,0.0
star,0.0,7,lex,0.08333333333333333,,False,,0.0
star,0.0,7,sem,0.08333333333333333,,False,,0.0
star,0.0,7,beh,0.08333333333333333,,False,,0.0
star,0.0,8,lex,0.5,3.0,True,0.5,0.0
star,0.0,8,sem,0.5,3.0,True,0.5,0.0
star,0.0,8,beh,0.5,2.0,True,0.5,0.0
star,0.0,9,lex,1.0,3.0,True,0.6666666666666666,0.3333333333333333
star,0.0,9,sem,1.0,3.0,True,0.6666666666666666,0.3333333333333333
star,0.0,9,beh,1.0,2.0,True,0.5833333333333334,0.4166666666666667
star,0.2,0,lex,0.08333333333333333,14.0,True,0.08333333333333333,0.0
star,0.2,0,sem,0.08333333333333333,,False,,0.0
star,0.2,0,beh,0.08333333333333333,9.0,True,0.08333333333333333,0.0
star,0.2,1,lex,0.08333333333333333,,False,,0.0
star,0.2,1,sem,0.08333333333333333,,False,,0.0
star,0.2,1,beh,0.08333333333333333,,False,,0.0
star,0.2,2,lex,0.5833333333333334,5.0,True,0.4166666666666667,0.2857142857142857
star,0.2,2,sem,0.5833333333333334,5.0,True,0.4166666666666667,0.2857142857142857
star,0.2,2,beh,0.5833333333333334,,False,,0.0
star,0.2,3,lex,0.08333333333333333,,False,,0.0
star,0.2,3,sem,0.08333333333333333,,False,,0.0
star,0.2,3,beh,0.08333333333333333,,False,,0.0
star,0.2,4,lex,0.08333333333333333,,False,,0.0
star,0.2,4,sem,0.08333333333333333,,False,,0.0
star,0.2,4,beh,0.08333333333333333,,False,,0.0
star,0.2,5,lex,0.08333333333333333,,False,,0.0
star,0.2,5,sem,0.08333333333333333,,False,,0.0
star,0.2,5,beh,0.08333333333333333,,False,,0.0
star,0.2,6,lex,0.6666666666666666,5.0,True,0.5833333333333334,0.125
star,0.2,6,sem,0.6666666666666666,5.0,True,0.5833333333333334,0.125
star,0.2,6,beh,0.6666666666666666,6.0,True,0.5833333333333334,0.125
star,0.2,7,lex,0.08333333333333333,,False,,0.0
star,0.2,7,sem,0.08333333333333333,,False,,0.0
star,0.2,7,beh,0.08333333333333333,,False,,0.0
star,0.2,8,lex,0.16666666666666666,14.0,True,0.16666666666666666,0.0
star,0.2,8,sem,0.16666666666666666,18.0,True,0.16666666666666666,0.0
star,0.2,8,beh,0.16666666666666666,,False,,0.0
star,0.2,9,lex,0.08333333333333333,,False,,0.0
star,0.2,9,sem,0.08333333333333333,,False,,0.0
star,0.2,9,beh,0.08333333333333333,,False,,0.0
star,0.4,0,lex,0.08333333333333333,14.0,True,0.08333333333333333,0.0
star,0.4,0,sem,0.08333333333333333,,False,,0.0
star,0.4,0,beh,0.08333333333333333,9.0,True,0.08333333333333333,0.0
star,0.4,1,lex,0.25,3.0,True,0.16666666666666666,0.3333333333333333
star,0.4,1,sem,0.25,6.0,True,0.16666666666666666,0.3333333333333333
star,0.4,1,beh,0.25,5.0,True,0.16666666666666666,0.3333333333333333
star,0.4,2,lex,0.6666666666666666,11.0,True,0.5833333333333334,0.125
star,0.4,2,sem,0.6666666666666666,11.0,True,0.5833333333333334,0.125
star,0.4,2,beh,0.6666666666666666,,False,,0.0
star,0.4,3,lex,0.16666666666666666,6.0,True,0.16666666666666666,0.0
star,0.4,3,sem,0.16666666666666666,,False,,0.0
star,0.4,3,beh,0.16666666666666666,,False,,0.0
star,0.4,4,lex,0.08333333333333333,,False,,0.0
star,0.4,4,sem,0.08333333333333333,,False,,0.0
star,0.4,4,beh,0.08333333333333333,11.0,True,0.08333333333333333,0.0
star,0.4,5,lex,0.75,12.0,True,0.5,0.3333333333333333
star,0.4,5,sem,0.75,12.0,True,0.5,0.3333333333333333
star,0.4,5,beh,0.75,,False,,0.0
star,0.4,6,lex,0.08333333333333333,,False,,0.0
star,0.4,6,sem,0.08333333333333333,,False,,0.0
star,0.4,6,beh,0.08333333333333333,,False,,0.0
star,0.4,7,lex,0.08333333333333333,5.0,True,0.08333333333333333,0.0
star,0.4,7,sem,0.08333333333333333,,False,,0.0
star,0.4,7,beh,0.08333333333333333,,False,,0.0
star,0.4,8,lex,0.08333333333333333,12.0,True,0.08333333333333333,0.0
star,0.4,8,sem,0.08333333333333333,,False,,0.0
star,0.4,8,beh,0.08333333333333333,,False,,0.0
star,0.4,9,lex,0.08333333333333333,9.0,True,0.08333333333333333,0.0
star,0.4,9,sem,0.08333333333333333,,False,,0.0
star,0.4,9,beh,0.08333333333333333,,False,,0.0
complete,0.0,0,lex,1.0,3.0,True,1.0,0.0
complete,0.0,0,sem,1.0,3.0,True,1.0,0.0
complete,0.0,0,beh,1.0,3.0,True,1.0,0.0
complete,0.0,1,lex,1.0,2.0,True,1.0,0.0
complete,0.0,1,sem,1.0,2.0,True,1.0,0.0
complete,0.0,1,beh,1.0,3.0,True,1.0,0.0
complete,0.0,2,lex,1.0,2.0,True,1.0,0.0
complete,0.0,2,sem,1.0,2.0,True,1.0,0.0
complete,0.0,2,beh,1.0,3.0,True,1.0,0.0
complete,0.0,3,lex,1.0,3.0,True,1.0,0.0
complete,0.0,3,sem,1.0,3.0,True,1.0,0.0
complete,0.0,3,beh,1.0,11.0,True,1.0,0.0
complete,0.0,4,lex,1.0,3.0,True,1.0,0.0
complete,0.0,4,sem,1.0,3.0,True,1.0,0.0
complete,0.0,4,beh,1.0,6.0,True,1.0,0.0
complete,0.0,5,lex,1.0,2.0,True,1.0,0.0
complete,0.0,5,sem,1.0,2.0,True,1.0,0.0
complete,0.0,5,beh,1.0,4.0,True,1.0,0.0
complete,0.0,6,lex,1.0,2.0,True,1.0,0.0
complete,0.0,6,sem,1.0,2.0,True,1.0,0.0
complete,0.0,6,beh,1.0,3.0,True,1.0,0.0
complete,0.0,7,lex,1.0,2.0,True,1.0,0.0
complete,0.0,7,sem,1.0,2.0,True,1.0,0.0
complete,0.0,7,beh,1.0,4.0,True,1.0,0.0
complete,0.0,8,lex,1.0,2.0,True,1.0,0.0
complete,0.0,8,sem,1.0,2.0,True,1.0,0.0
complete,0.0,8,beh,1.0,3.0,True,1.0,0.0
complete,0.0,9,lex,1.0,2.0,True,1.0,0.0
complete,0.0,9,sem,1.0,2.0,True,1.0,0.0
complete,0.0,9,beh,1.0,4.0,True,1.0,0.0
complete,0.2,0,lex,1.0,3.0,True,0.8333333333333334,0.16666666666666666
complete,0.2,0,sem,1.0,3.0,True,0.8333333333333334,0.16666666666666666
complete,0.2,0,beh,1.0,11.0,True,1.0,0.0
complete,0.2,1,lex,1.0,2.0,True,1.0,0.0
complete,0.2,1,sem,1.0,2.0,True,1.0,0.0
complete,0.2,1,beh,1.0,,False,,0.0
complete,0.2,2,lex,1.0,2.0,True,0.9166666666666666,0.08333333333333333
complete,0.2,2,sem,1.0,3.0,True,0.9166666666666666,0.08333333333333333
complete,0.2,2,beh,1.0,5.0,True,1.0,0.0
complete,0.2,3,lex,1.0,3.0,True,1.0,0.0
complete,0.2,3,sem,1.0,3.0,True,1.0,0.0
complete,0.2,3,beh,1.0,10.0,True,1.0,0.0
complete,0.2,4,lex,1.0,2.0,True,0.5,0.5
complete,0.2,4,sem,1.0,2.0,True,0.5,0.5
complete,0.2,4,beh,1.0,9.0,True,1.0,0.0
complete,0.2,5,lex,1.0,2.0,True,0.8333333333333334,0.16666666666666666
complete,0.2,5,sem,1.0,2.0,True,0.8333333333333334,0.16666666666666666
complete,0.2,5,beh,1.0,,False,,0.0
complete,0.2,6,lex,1.0,2.0,True,0.6666666666666666,0.3333333333333333
complete,0.2,6,sem,1.0,3.0,True,0.75,0.25
complete,0.2,6,beh,1.0,,False,,0.0
complete,0.2,7,lex,1.0,2.0,True,0.9166666666666666,0.08333333333333333
complete,0.2,7,sem,1.0,2.0,True,0.9166666666666666,0.08333333333333333
complete,0.2,7,beh,1.0,4.0,True,1.0,0.0
complete,0.2,8,lex,1.0,3.0,True,0.9166666666666666,0.08333333333333333
complete,0.2,8,sem,1.0,3.0,True,0.9166666666666666,0.08333333333333333
complete,0.2,8,beh,1.0,,False,,0.0
complete,0.2,9,lex,1.0,4.0,True,1.0,0.0
complete,0.2,9,sem,1.0,5.0,True,1.0,0.0
complete,0.2,9,beh,1.0,,False,,0.0
complete,0.4,0,lex,0.75,20.0,True,0.75,0.0
complete,0.4,0,sem,0.75,6.0,True,0.5,0.3333333333333333
complete,0.4,0,beh,0.75,,False,,0.0
complete,0.4,1,lex,1.0,15.0,True,0.75,0.25
complete,0.4,1,sem,1.0,3.0,True,0.5,0.5
complete,0.4,1,beh,1.0,,False,,0.0
complete,0.4,2,lex,0.8333333333333334,,False,,0.0
complete,0.4,2,sem,0.8333333333333334,5.0,True,0.5,0.4
complete,0.4,2,beh,0.8333333333333334,,False,,0.0
complete,0.4,3,lex,0.8333333333333334,13.0,True,0.5833333333333334,0.3
complete,0.4,3,sem,0.8333333333333334,8.0,True,0.5833333333333334,0.3
complete,0.4,3,beh,0.8333333333333334,,False,,0.0
complete,0.4,4,lex,0.25,,False,,0.0
complete,0.4,4,sem,0.25,3.0,True,0.16666666666666666,0.3333333333333333
complete,0.4,4,beh,0.25,,False,,0.0
complete,0.4,5,lex,0.5833333333333334,,False,,0.0
complete,0.4,5,sem,0.5833333333333334,,False,,0.0
complete,0.4,5,beh,0.5833333333333334,,False,,0.0
complete,0.4,6,lex,0.9166666666666666,10.0,True,0.9166666666666666,0.0
complete,0.4,6,sem,0.9166666666666666,5.0,True,0.6666666666666666,0.2727272727272727
complete,0.4,6,beh,0.9166666666666666,,False,,0.0
complete,0.4,7,lex,1.0,8.0,True,1.0,0.0
complete,0.4,7,sem,1.0,3.0,True,0.8333333333333334,0.16666666666666666
complete,0.4,7,beh,1.0,,False,,0.0
complete,0.4,8,lex,1.0,9.0,True,1.0,0.0
complete,0.4,8,sem,1.0,3.0,True,0.6666666666666666,0.3333333333333333
complete,0.4,8,beh,1.0,,False,,0.0
complete,0.4,9,lex,1.0,9.0,True,0.9166666666666666,0.08333333333333333
complete,0.4,9,sem,1.0,5.0,True,0.75,0.25
complete,0.4,9,beh,1.0,,False,,0.0
chain,0.0,0,lex,0.25,,False,,0.0
chain,0.0,0,sem,0.25,28.0,True,0.25,0.0
chain,0.0,0,beh,0.25,9.0,True,0.25,0.0
chain,0.0,1,lex,0.16666666666666666,,False,,0.0
chain,0.0,1,sem,0.16666666666666666,,False,,0.0
chain,0.0,1,beh,0.16666666666666666,,False,,0.0
chain,0.0,2,lex,0.08333333333333333,,False,,0.0
chain,0.0,2,sem,0.08333333333333333,,False,,0.0
chain,0.0,2,beh,0.08333333333333333,,False,,0.0
chain,0.0,3,lex,0.16666666666666666,,False,,0.0
chain,0.0,3,sem,0.16666666666666666,,False,,0.0
chain,0.0,3,beh,0.16666666666666666,,False,,0.0
chain,0.0,4,lex,0.25,,False,,0.0
chain,0.0,4,sem,0.25,,False,,0.0
chain,0.0,4,beh,0.25,,False,,0.0
chain,0.0,5,lex,0.3333333333333333,7.0,True,0.3333333333333333,0.0
chain,0.0,5,sem,0.3333333333333333,3.0,True,0.25,0.25
chain,0.0,5,beh,0.3333333333333333,,False,,0.0
chain,0.0,6,lex,0.16666666666666666,13.0,True,0.16666666666666666,0.0
chain,0.0,6,sem,0.16666666666666666,,False,,0.0
chain,0.0,6,beh,0.16666666666666666,,False,,0.0
chain,0.0,7,lex,0.16666666666666666,,False,,0.0
chain,0.0,7,sem,0.16666666666666666,,False,,0.0
chain,0.0,7,beh,0.16666666666666666,,False,,0.0
chain,0.0,8,lex,0.4166666666666667,5.0,True,0.25,0.4
chain,0.0,8,sem,0.4166666666666667,5.0,True,0.25,0.4
chain,0.0,8,beh,0.4166666666666667,13.0,True,0.4166666666666667,0.0
chain,0.0,9,lex,0.5833333333333334,5.0,True,0.25,0.5714285714285714
chain,0.0,9,sem,0.5833333333333334,5.0,True,0.25,0.5714285714285714
chain,0.0,9,beh,0.5833333333333334,12.0,True,0.5,0.14285714285714285
chain,0.2,0,lex,0.16666666666666666,6.0,True,0.16666666666666666,0.0
chain,0.2,0,sem,0.16666666666666666,,False,,0.0
chain,0.2,0,beh,0.16666666666666666,7.0,True,0.16666666666666666,0.0
chain,0.2,1,lex,0.16666666666666666,,False,,0.0
chain,0.2,1,sem,0.16666666666666666,,False,,0.0
chain,0.2,1,beh,0.16666666666666666,,False,,0.0
chain,0.2,2,lex,0.16666666666666666,,False,,0.0
chain,0.2,2,sem,0.16666666666666666,,False,,0.0
chain,0.2,2,beh,0.16666666666666666,,False,,0.0
chain,0.2,3,lex,0.16666666666666666,,False,,0.0
chain,0.2,3,sem,0.16666666666666666,,False,,0.0
chain,0.2,3,beh,0.16666666666666666,,False,,0.0
chain,0.2,4,lex,0.16666666666666666,,False,,0.0
chain,0.2,4,sem,0.16666666666666666,,False,,0.0
chain,0.2,4,beh,0.16666666666666666,20.0,True,0.16666666666666666,0.0
chain,0.2,5,lex,0.25,1.0,True,0.16666666666666666,0.3333333333333333
chain,0.2,5,sem,0.25,5.0,True,0.25,0.0
chain,0.2,5,beh,0.25,,False,,0.0
chain,0.2,6,lex,0.16666666666666666,,False,,0.0
chain,0.2,6,sem,0.16666666666666666,,False,,0.0
chain,0.2,6,beh,0.16666666666666666,21.0,True,0.16666666666666666,0.0
chain,0.2,7,lex,0.16666666666666666,,False,,0.0
chain,0.2,7,sem,0.16666666666666666,7.0,True,0.16666666666666666,0.0
chain,0.2,7,beh,0.16666666666666666,,False,,0.0
chain,0.2,8,lex,0.16666666666666666,,False,,0.0
chain,0.2,8,sem,0.16666666666666666,,False,,0.0
chain,0.2,8,beh,0.16666666666666666,,False,,0.0
chain,0.2,9,lex,0.08333333333333333,7.0,True,0.08333333333333333,0.0
chain,0.2,9,sem,0.08333333333333333,,False,,0.0
chain,0.2,9,beh,0.08333333333333333,13.0,True,0.08333333333333333,0.0
chain,0.4,0,lex,0.08333333333333333,,False,,0.0
chain,0.4,0,sem,0.08333333333333333,,False,,0.0
chain,0.4,0,beh,0.08333333333333333,,False,,0.0
chain,0.4,1,lex,0.08333333333333333,,False,,0.0
chain,0.4,1,sem,0.08333333333333333,4.0,True,0.08333333333333333,0.0
chain,0.4,1,beh,0.08333333333333333,,False,,0.0
chain,0.4,2,lex,0.08333333333333333,9.0,True,0.08333333333333333,0.0
chain,0.4,2,sem,0.08333333333333333,29.0,True,0.08333333333333333,0.0
chain,0.4,2,beh,0.08333333333333333,,False,,0.0
chain,0.4,3,lex,0.25,,False,,0.0
chain,0.4,3,sem,0.25,24.0,True,0.25,0.0
chain,0.4,3,beh,0.25,,False,,0.0
chain,0.4,4,lex,0.08333333333333333,,False,,0.0
chain,0.4,4,sem,0.08333333333333333,,False,,0.0
chain,0.4,4,beh,0.08333333333333333,,False,,0.0
chain,0.4,5,lex,0.08333333333333333,15.0,True,0.08333333333333333,0.0
chain,0.4,5,sem,0.08333333333333333,,False,,0.0
chain,0.4,5,beh,0.08333333333333333,,False,,0.0
chain,0.4,6,lex,0.08333333333333333,10.0,True,0.08333333333333333,0.0
chain,0.4,6,sem,0.08333333333333333,,False,,0.0
chain,0.4,6,beh,0.08333333333333333,,False,,0.0
chain,0.4,7,lex,0.16666666666666666,,False,,0.0
chain,0.4,7,sem,0.16666666666666666,,False,,0.0
chain,0.4,7,beh,0.16666666666666666,,False,,0.0
chain,0.4,8,lex,0.16666666666666666,5.0,True,0.16666666666666666,0.0
chain,0.4,8,sem,0.16666666666666666,,False,,0.0
chain,0.4,8,beh,0.16666666666666666,5.0,True,0.16666666666666666,0.0
chain,0.4,9,lex,0.16666666666666666,11.0,True,0.16666666666666666,0.0
chain,0.4,9,sem,0.16666666666666666,,False,,0.0
chain,0.4,9,beh,0.16666666666666666,,False,,0.0
