topology,mu_core,seed,attack_rate,lex,n_sig,acc_msg,acc_sender,n_eval
star,0.0,0,0.16666666666666666,2.3409518069468773,5,,,0
star,0.0,1,1.0,300.0,93,0.05722070844686648,0.3133514986376022,367
star,0.0,2,0.16666666666666666,5.194283466319985,4,,,0
star,0.0,3,0.8333333333333334,181.90883494914408,56,0.46153846153846156,0.9384615384615385,65
star,0.0,4,0.5833333333333334,118.89767040551735,51,0.5625,1.0,48
star,0.05,0,1.0,300.0,127,0.3,0.4166666666666667,360
star,0.05,1,0.08333333333333333,15.61066997416183,26,,,0
star,0.05,2,0.5833333333333334,85.6937287774633,49,0.9565217391304348,1.0,46
star,0.05,3,0.6666666666666666,111.64411017230522,45,0.7755102040816326,0.9591836734693877,49
star,0.05,4,0.08333333333333333,2.354682462768107,4,,,0
star,0.1,0,0.3333333333333333,90.31116421168095,49,0.9285714285714286,1.0,42
star,0.1,1,0.8333333333333334,245.80906294192,137,0.8278145695364238,0.8940397350993378,151
star,0.1,2,0.16666666666666666,1.4902153372316558,0,,,0
star,0.1,3,1.0,300.0,110,0.591715976331361,0.7041420118343196,169
star,0.1,4,0.08333333333333333,2.3515008039819176,4,,,0
star,0.2,0,0.75,221.51590683902887,78,0.827433628318584,0.8584070796460177,226
star,0.2,1,0.16666666666666666,2.965752160904064,2,,,0
star,0.2,2,0.5833333333333334,71.99129568980653,68,0.8977272727272727,0.9545454545454546,88
star,0.2,3,0.8333333333333334,181.90383342190557,115,0.8181818181818182,0.9090909090909091,176
star,0.2,4,0.08333333333333333,2.3515008039819176,4,,,0
complete,0.0,0,1.0,59.13494420276429,49,0.1724137931034483,0.3448275862068966,29
complete,0.0,1,1.0,65.7771452544858,48,0.19444444444444445,0.2777777777777778,36
complete,0.0,2,1.0,117.59245813266496,65,0.07272727272727272,0.2,55
complete,0.0,3,1.0,208.43120823007524,71,0.1276595744680851,0.24468085106382978,94
complete,0.0,4,1.0,142.6347280690493,75,0.07462686567164178,0.208955223880597,67
complete,0.05,0,1.0,142.62167027210174,67,0.2876712328767123,0.3287671232876712,73
complete,0.05,1,1.0,105.40565404695383,64,0.3620689655172414,0.3793103448275862,58
complete,0.05,2,1.0,125.04178956746375,60,0.40625,0.671875,64
complete,0.05,3,1.0,168.41334000013023,65,0.13953488372093023,0.18604651162790697,86
complete,0.05,4,1.0,107.81731015360478,81,0.39473684210526316,0.5263157894736842,38
complete,0.1,0,1.0,100.54207914600737,66,0.2631578947368421,0.2631578947368421,76
complete,0.1,1,1.0,98.16679741001924,71,0.47761194029850745,0.5522388059701493,67
complete,0.1,2,1.0,63.51896964989441,70,0.3333333333333333,0.4444444444444444,45
complete,0.1,3,1.0,122.51694280825004,65,0.38961038961038963,0.38961038961038963,77
complete,0.1,4,1.0,56.91857852175285,75,0.7567567567567568,0.9459459459459459,37
complete,0.2,0,1.0,39.943459381794085,71,0.6,0.6,50
complete,0.2,1,1.0,44.09339841220571,71,0.6590909090909091,0.6590909090909091,44
complete,0.2,2,1.0,65.70972511932396,116,0.39215686274509803,0.5098039215686274,102
complete,0.2,3,1.0,105.36645702074992,90,0.6451612903225806,0.6989247311827957,93
complete,0.2,4,1.0,63.4983716299926,86,0.5142857142857142,0.5857142857142857,70
chain,0.0,0,0.08333333333333333,1.1624937882948834,0,,,0
chain,0.0,1,0.08333333333333333,1.961457382458453,0,,,0
chain,0.0,2,0.25,2.4720924721984274,1,,,0
chain,0.0,3,0.8333333333333334,145.57422343171586,53,0.3125,1.0,48
chain,0.0,4,0.6666666666666666,63.66777438328173,38,0.6875,1.0,32
chain,0.05,0,0.08333333333333333,2.1456156628548566,2,,,0
chain,0.05,1,0.16666666666666666,1.1551865966285741,0,,,0
chain,0.05,2,0.5,48.43201597214369,41,0.6896551724137931,1.0,29
chain,0.05,3,0.16666666666666666,5.321831621117723,3,,,0
chain,0.05,4,0.3333333333333333,38.0132746780472,35,1.0,1.0,21
chain,0.1,0,0.5,84.22365477455915,43,0.4473684210526316,1.0,38
chain,0.1,1,0.16666666666666666,1.1527626211346056,0,,,0
chain,0.1,2,0.3333333333333333,35.97533960327482,39,0.6956521739130435,1.0,23
chain,0.1,3,0.16666666666666666,2.4820766931050287,1,,,0
chain,0.1,4,0.16666666666666666,1.1592568652398751,0,,,0
chain,0.2,0,0.25,1.186853134154328,0,,,0
chain,0.2,1,0.16666666666666666,1.174234021209528,0,,,0
chain,0.2,2,0.16666666666666666,2.4854967063001787,1,,,0
chain,0.2,3,0.16666666666666666,2.431634901361099,2,,,0
chain,0.2,4,0.16666666666666666,2.454363705237996,1,,,0
