topology,mu_core,attack_rate,n_sig,acc_msg,acc_sender,n_eval
chain,0.0,0.3833333333333333,18.4,0.5,1.0,16.0
chain,0.05,0.25,16.2,0.8448275862068966,1.0,10.0
chain,0.1,0.26666666666666666,16.6,0.5715102974828375,1.0,12.2
chain,0.2,0.18333333333333332,0.8,,,0.0
complete,0.0,1.0,61.6,0.12837439008297846,0.25524828778582026,56.2
complete,0.05,1.0,67.4,0.3180523848440294,0.4184629538433697,63.8
complete,0.1,1.0,69.4,0.4440940629471658,0.5190794961415544,60.4
complete,0.2,1.0,86.8,0.5621389552888604,0.6107067695113236,71.8
star,0.0,0.55,41.8,0.3604197233284427,0.7506043456997137,96.0
star,0.05,0.4833333333333333,50.2,0.6773439810706892,0.7919501133786847,91.0
star,0.1,0.4833333333333333,60.0,0.7827006581464045,0.8660605823112192,72.4
star,0.2,0.4833333333333333,53.4,0.8477809064092249,0.9073478144274604,98.0
