topology,seed,attack_rate,r_eff,lex,sem,beh
star,0,1.0,0.875,300.0,119.0,106.96006375341824
star,1,1.0,0.875,274.8111181555102,102.0,77.67990841898154
star,2,1.0,0.875,244.11652085683914,93.0,63.61279623678912
star,3,0.125,0.0,15.505136977333187,0.0,1.0222272170225377
star,4,1.0,0.875,234.2183322946773,90.0,59.657502731208524
complete,0,1.0,0.875,164.82054744270278,65.0,38.57692326108102
complete,1,1.0,0.875,175.14481999959872,68.0,39.971466777057195
complete,2,1.0,0.875,128.75611118066092,54.0,22.159274631012163
complete,3,1.0,0.875,168.1459318264436,65.0,35.89006478434375
complete,4,1.0,0.875,175.17197224564234,68.0,39.971466777057195
chain,0,1.0,0.875,55.96460960313276,28.0,24.21802718856946
chain,1,0.125,0.0,4.1136306041469215,0.0,0.23349699323353176
chain,2,1.0,0.875,71.8675930328837,34.0,37.606662246927044
chain,3,0.375,0.6666666666666666,3.292047543717187,4.0,1.939165120132902
chain,4,0.125,0.0,2.244569541001228,3.0,-0.0
